{
  "s1": {
    "Thermal production (MW)": {
      "g1": [
        135.0,
        135.0,
        130.064,
        130.0
      ],
      "g2": [
        0.0,
        0.0,
        0.0,
        0.0
      ],
      "g3": [
        70.0,
        74.96720999999998,
        66.0,
        61.42959999999999
      ],
      "g4": [
        66.0,
        66.0,
        66.0,
        66.0
      ],
      "g5": [
        89.50480000000002,
        66.0,
        66.0,
        66.0
      ],
      "g6": [
        0.0,
        0.0,
        0.0,
        0.0
      ]
    },
    "Thermal production cost ($)": {
      "g1": [
        2400.0,
        2400.0,
        2202.5599999999995,
        2200.0
      ],
      "g2": [
        0.0,
        0.0,
        0.0,
        0.0
      ],
      "g3": [
        2548.184117647059,
        2770.6084767264697,
        2369.07,
        2195.211984
      ],
      "g4": [
        2369.07,
        2369.07,
        2369.07,
        2369.07
      ],
      "g5": [
        3421.5803781176473,
        2369.07,
        2369.07,
        2369.07
      ],
      "g6": [
        0.0,
        0.0,
        0.0,
        0.0
      ]
    },
    "Startup cost ($)": {
      "g1": [
        2000.0,
        0.0,
        0.0,
        0.0
      ],
      "g2": [
        4000.0,
        0.0,
        0.0,
        0.0
      ],
      "g3": [
        2000.0,
        0.0,
        0.0,
        0.0
      ],
      "g4": [
        0.0,
        0.0,
        0.0,
        0.0
      ],
      "g5": [
        0.0,
        0.0,
        0.0,
        0.0
      ],
      "g6": [
        0.0,
        0.0,
        0.0,
        0.0
      ]
    },
    "Is on": {
      "g1": [
        1.0,
        1.0,
        1.0,
        1.0
      ],
      "g2": [
        1.0,
        1.0,
        1.0,
        1.0
      ],
      "g3": [
        1.0,
        1.0,
        1.0,
        1.0
      ],
      "g4": [
        1.0,
        1.0,
        1.0,
        1.0
      ],
      "g5": [
        1.0,
        1.0,
        1.0,
        1.0
      ],
      "g6": [
        0.0,
        0.0,
        0.0,
        0.0
      ]
    },
    "Switch on": {
      "g1": [
        1.0,
        0.0,
        0.0,
        0.0
      ],
      "g2": [
        1.0,
        0.0,
        0.0,
        0.0
      ],
      "g3": [
        1.0,
        0.0,
        0.0,
        0.0
      ],
      "g4": [
        1.0,
        0.0,
        0.0,
        0.0
      ],
      "g5": [
        1.0,
        0.0,
        0.0,
        0.0
      ],
      "g6": [
        0.0,
        0.0,
        -0.0,
        0.0
      ]
    },
    "Switch off": {
      "g1": [
        0.0,
        0.0,
        0.0,
        0.0
      ],
      "g2": [
        0.0,
        0.0,
        0.0,
        0.0
      ],
      "g3": [
        0.0,
        0.0,
        0.0,
        0.0
      ],
      "g4": [
        0.0,
        0.0,
        0.0,
        0.0
      ],
      "g5": [
        0.0,
        0.0,
        0.0,
        0.0
      ],
      "g6": [
        0.0,
        -0.0,
        0.0,
        -0.0
      ]
    },
    "Net injection (MW)": {
      "b1": [
        135.0,
        135.0,
        130.064,
        130.0
      ],
      "b2": [
        -26.01527,
        -24.46212,
        -23.29725,
        -22.90897
      ],
      "b3": [
        -92.93263,
        -81.22318,
        -85.1337,
        -88.01854
      ],
      "b4": [
        -57.30552,
        -53.88429,
        -51.31838,
        -50.46307
      ],
      "b5": [
        -9.11134,
        -8.56738,
        -8.15941,
        -8.02342
      ],
      "b6": [
        52.57277,
        53.37439,
        53.97561,
        54.17602
      ],
      "b7": [
        0.0,
        0.0,
        0.0,
        0.0
      ],
      "b8": [
        89.5048,
        66.0,
        66.0,
        66.0
      ],
      "b9": [
        -35.36638,
        -33.25495,
        -31.67138,
        -31.14353
      ],
      "b10": [
        -10.78974,
        -10.14558,
        -9.66246,
        -9.50141
      ],
      "b11": [
        -4.19601,
        -3.9455,
        -3.75762,
        -3.69499
      ],
      "b12": [
        -7.31305,
        -6.87645,
        -6.549,
        -6.43985
      ],
      "b13": [
        -16.18461,
        -15.21837,
        -14.49368,
        -14.25212
      ],
      "b14": [
        -17.86302,
        -16.79657,
        -15.99673,
        -15.73012
      ]
    },
    "Load curtail (MW)": {
      "b1": [
        0.0,
        0.0,
        0.0,
        0.0
      ],
      "b2": [
        0.0,
        0.0,
        0.0,
        0.0
      ],
      "b3": [
        0.0,
        0.0,
        0.0,
        0.0
      ],
      "b4": [
        -0.0,
        0.0,
        0.0,
        0.0
      ],
      "b5": [
        0.0,
        0.0,
        0.0,
        0.0
      ],
      "b6": [
        0.0,
        0.0,
        0.0,
        0.0
      ],
      "b7": [
        0.0,
        0.0,
        0.0,
        0.0
      ],
      "b8": [
        0.0,
        0.0,
        0.0,
        0.0
      ],
      "b9": [
        0.0,
        0.0,
        0.0,
        0.0
      ],
      "b10": [
        0.0,
        0.0,
        0.0,
        0.0
      ],
      "b11": [
        0.0,
        0.0,
        0.0,
        0.0
      ],
      "b12": [
        0.0,
        0.0,
        0.0,
        0.0
      ],
      "b13": [
        0.0,
        0.0,
        0.0,
        0.0
      ],
      "b14": [
        0.0,
        0.0,
        0.0,
        0.0
      ]
    },
    "Line overflow (MW)": {
      "l1": [
        0.0,
        0.0,
        0.0,
        0.0
      ],
      "l2": [
        0.0,
        0.0,
        0.0,
        0.0
      ],
      "l3": [
        0.0,
        0.0,
        0.0,
        0.0
      ],
      "l4": [
        0.0,
        0.0,
        0.0,
        0.0
      ],
      "l5": [
        0.0,
        0.0,
        0.0,
        0.0
      ],
      "l6": [
        0.0,
        0.0,
        0.0,
        0.0
      ],
      "l7": [
        0.0,
        0.0,
        0.0,
        0.0
      ],
      "l8": [
        0.0,
        0.0,
        0.0,
        0.0
      ],
      "l9": [
        0.0,
        0.0,
        0.0,
        0.0
      ],
      "l10": [
        0.0,
        0.0,
        0.0,
        0.0
      ],
      "l11": [
        0.0,
        0.0,
        0.0,
        0.0
      ],
      "l12": [
        0.0,
        0.0,
        0.0,
        0.0
      ],
      "l13": [
        0.0,
        0.0,
        0.0,
        0.0
      ],
      "l14": [
        0.0,
        0.0,
        0.0,
        0.0
      ],
      "l15": [
        0.0,
        0.0,
        0.0,
        0.0
      ],
      "l16": [
        0.0,
        0.0,
        0.0,
        0.0
      ],
      "l17": [
        0.0,
        0.0,
        0.0,
        0.0
      ],
      "l18": [
        0.0,
        0.0,
        0.0,
        0.0
      ],
      "l19": [
        0.0,
        0.0,
        0.0,
        0.0
      ],
      "l20": [
        0.0,
        0.0,
        0.0,
        0.0
      ]
    },
    "Price-sensitive loads (MW)": {
      "ps1": [
        50.0,
        50.0,
        50.0,
        50.0
      ]
    },
    "Spinning reserve (MW)": {
      "r1": {
        "g2": [
          55.5048,
          66.0,
          98.0,
          66.0
        ],
        "g3": [
          0.0,
          0.0,
          0.0,
          0.0
        ],
        "g4": [
          34.0,
          0.0,
          2.0,
          0.0
        ],
        "g5": [
          10.49519999999999,
          34.0,
          0.0,
          34.0
        ],
        "g6": [
          0.0,
          0.0,
          0.0,
          0.0
        ]
      }
    },
    "Spinning reserve shortfall (MW)": {
      "r1": [
        0.0,
        0.0,
        0.0,
        0.0
      ]
    },
    "Up-flexiramp (MW)": {},
    "Up-flexiramp shortfall (MW)": {},
    "Down-flexiramp (MW)": {},
    "Down-flexiramp shortfall (MW)": {}
  },